8418_in,8450_in,8516_in,8421_in,8422_in,8528_in,8531_in,8508_in,8509_in,8414_in,8415_in,8418_out,8450_out,8516_out,8421_out,8422_out,8528_out,8531_out,8508_out,8509_out,8414_out,8415_out
7661309,4745324,3780457,6001693,2326816,25197722,1001096,4382011,2240505,17424795,1394220,676126,0,16273,79825,0,2993,0,0,0,0,0
5086199,1763006,2910637,18665839,7046538,17859756,74064,2311828,1469801,13711283,1920684,439134,0,36073,0,0,673878,0,0,1695,1915,0
7600046,4867424,3107025,12374708,3722594,21573435,2172283,1467106,1265008,21107593,3770276,123458,0,1017,13600,0,0,0,0,0,6780,47460
12239033,2966894,4516713,6179629,2091853,8810670,2063463,1447155,3360221,16197823,3566334,3021,0,98649,27700,0,0,2992,2500,6102,0,104755
7610380,2275769,3461703,6905674,4920692,32305751,998174,1151096,1959875,37758204,1999369,573780,0,44382,0,0,0,0,1020,0,1190,12000
9571755,4571708,4969756,9074973,18137815,11607458,1383077,1417561,616703,29807762,2191835,0,2040,0,40815,0,0,0,0,0,0,0
13996931,4983031,3360616,6189575,10343975,31928122,677924,4084894,2368236,29237357,6921712,1084305,2584,356,63579,0,6528,0,0,0,0,25000
13794988,3487995,2769581,9209229,10454678,23385052,1333042,1210707,1889688,34999664,5503991,550185,2459,7058,0,0,762750,0,1500,0,0,153956
11953385,4394527,2990848,6838232,10669725,19813262,1417982,1909845,2145375,16635410,7120747,287470,0,34063,0,0,0,0,0,7628,0,0
11465906,4856623,2299336,4406772,15480582,21634836,1616696,1569239,1509364,18653999,5259031,901000,2108,98047,4492,27370,1144865,0,0,2346,68586,25086
8600694,11926663,2465429,6467707,14555540,26767261,1265556,1545114,555807,22134837,3400201,114107,0,85197,61645,0,0,5610,35107,0,0,0
12046039,8773676,5652630,5505510,5569106,26752690,1470621,2862143,2114430,30635815,2178085,0,15463,80596,0,1695,3051,0,0,1360,6018,0
8325020,29040593,2024420,6953851,9095151,17418093,1552613,1624652,1472445,29287466,2039386,45908,60260,165516,0,0,0,0,14398,3356,5468,0
12028396,3151199,5056920,7390024,11651373,23190509,1088395,2007050,1528348,21496016,5770595,80089,14756,74358,861,9341,6780,0,0,0,0,0
12856551,1635235,3422930,6770481,13853040,18413826,705564,780999,1211048,39431925,3900647,332183,0,208862,0,0,0,0,0,0,264214,15770
12327952,2985091,1984214,6905678,8803895,11267982,636458,1973155,1040926,34653973,3934081,0,0,508,0,0,0,0,0,0,0,0
16785426,6961176,2252246,29802434,29461542,41185897,1610215,2593583,1054989,24788576,2264284,106331,107631,19172,3452,0,0,1830,0,5305,96674,169150
16428092,12643959,2982808,7222690,26332177,15769857,2990375,3071785,1380168,27238417,1429296,30309,12882,9822,13600,0,228344,0,0,0,1700,27507
23108649,5089425,3111589,23021212,20085357,18374688,2029093,2210210,940379,35615688,3533868,118800,140263,1578,58538,43280,0,0,28815,0,0,9531
12066679,11298488,3290831,95931134,23285462,24818766,682647,3654171,920476,48346020,8032011,331041,49459,43867,0,0,14916,0,0,2780,13997,1188
5980592,3064670,3734497,5349446,11834423,9757346,1553170,1333857,945788,15852716,3565278,3508,55388,2210,0,0,0,0,0,0,17278,0
9355646,5841452,2706646,5873866,11953099,16687279,909579,1368800,1910879,23055914,1656875,1020,169449,1700,62357,0,0,0,0,0,8497,13993
8076307,5333407,2676319,12173140,25516219,19201336,973145,2404428,1201470,22501971,3522931,16620,0,1020,99817,0,116909,0,6797,5496,0,10237
9305734,3747324,4403696,58454648,5002810,23729241,2520734,4292617,1148575,20013720,1584009,0,42840,77621,67112,0,0,0,12069,0,39118,4789
10480440,2372683,4320958,9783588,11853347,10584513,1032200,1739194,1372015,17169360,1228684,0,0,5505,3330,0,0,0,12406,0,1699,8592
5820289,3299024,2648785,4918875,4321491,10507812,723253,1250306,1077988,9379076,1012600,0,30317,141449,2549,40785,2549,0,0,3399,510,0
10836638,1754485,4760684,6105197,10108623,14541407,1084459,2459872,1061128,22787896,1700685,10798,3059,0,0,0,0,0,0,0,0,9285
9217832,2896875,1953787,9962096,8841779,8357605,850374,3095154,977374,13061800,1058259,0,43694,27663,0,0,0,0,0,510,0,6675
13957457,5834163,3592338,10734033,4854851,10124719,1714421,3333433,1212215,33864154,6313810,285494,4497,8934,13704,0,3875,0,0,0,133768,59415
9248396,10039827,3177233,11568858,8776444,11180253,2653423,5539637,758307,23339095,1448642,76217,11046,16221,66381,0,5300,0,0,0,16307,155429
15339537,3908340,4567830,11135556,5944977,11287626,1580580,1326522,2266323,42424055,4335234,723901,131374,1098793,35933,31918,0,0,0,5080,82421,63326
25662837,9731500,4525657,8522486,7946394,36650729,2666140,4091166,2540211,33330163,4136893,2998,0,43571,6118,5561,0,0,0,0,7470,46206
9752032,6789589,5128829,19395439,10087476,40471629,3007689,1075461,1109403,33344473,5151846,46387,1700,27021,0,0,10196,6709,0,2213,24060,26735
18046159,5937292,3830093,7285862,4964122,27345362,2062651,1771674,2092681,23410453,4407485,238718,510,46217,0,0,869290,0,0,340,10673,64382
17257008,3793046,6168651,6458015,8580134,27462134,3494602,4362153,2858289,26036662,3240918,323210,0,92752,1285,0,1278471,0,0,0,28196,5733
17756448,5419425,5168675,5410912,6318263,19461916,2643424,1184487,4299731,38494113,4376327,12716,0,22144,0,0,0,0,0,2000,36953,28244
9805056,5495682,5058763,8864431,9006404,16793782,2240213,1661591,4045992,24059589,8103069,94908,1020,47732,0,0,0,0,0,407272,75668,28520
16395809,7482933,3601909,9782169,24142946,18739809,1898609,2481588,1745663,33629533,6708718,90949,0,22793,0,0,16320,0,0,3230,69657,93782
28744001,5104416,7193600,17766819,9454897,13480254,2135439,872469,2308902,43176069,9097167,54864,13532,70923,8500,1020,148194,0,0,81206,1799,39575
13278013,10342670,2673844,7226368,6110677,17526417,2013735,4141556,1970568,29455998,6327689,113842,13151,63670,0,0,0,0,0,3400,2040,3720
15492150,8151469,5126477,16658971,8400748,15619138,2505834,3866101,3603589,48487146,6339393,90577,73849,443972,64999,42499,663140,0,0,12580,2448,32137
19768634,10569429,3863315,25756611,9885299,18461466,1321284,2296790,2764570,38260256,6320682,0,25500,17026,1619,0,1686,0,0,356003,59379,2890
18688031,12332408,3233214,11860978,5609414,26486179,2019291,3178850,1746323,41486738,5027898,871104,836,71391,178271,0,0,0,0,1387,156473,16066
16421432,6318520,5038841,23602579,12051059,12882387,1308611,2074457,2933163,40295563,5136532,578488,339,1865,0,2000,9183,0,0,0,131787,511102
12722781,3021065,2814915,10525731,19559472,19593325,3499702,2945947,2136420,39847335,6469983,10466,174406,19618,0,6780,680,0,0,7260,73740,27200
19356849,28471932,8521789,6572028,5604661,17188665,3279054,1421197,4453006,39423060,3908072,95960,0,20808,0,216478,4000,0,0,0,0,2043819
24460315,8929572,4274599,9026613,11484976,15918675,1609921,2700178,4552001,33559712,5808978,10647,57207,285791,83426,368022,447593,0,0,1248,86970,670819
19783274,5273023,7878429,28770821,5402721,24103502,1439257,5290661,3262676,25480766,6152438,28831,0,57774,225417,120902,0,0,0,13600,0,155299
11989603,9746868,3154402,9035111,9634123,14971451,2164739,1442581,3142075,27768031,3468798,17800,0,0,3346,0,5743,0,0,80866,0,1525363
31574336,12078093,4510091,19352459,14988758,8229008,1699762,3162565,2845303,42244132,10248363,4046,16320,13000,0,178504,2890,0,1360,510,0,70680
16294547,4016301,3739027,10060706,13091860,10665734,1138558,3666338,3315277,37793377,2314640,42444,73959,3505,0,0,0,0,0,17001,28413,3001518
10162440,8554077,3831216,9049536,10996321,4185781,564670,1341175,2632952,123212630,6269884,4304,681,20107,31879,375109,851,0,1703,0,27901,690778
27450419,21195193,5243583,11637565,16184344,16966965,4194493,2115115,5504029,59345245,10779898,1022,84206,21721,21297,106199,2440,0,6750,22209,214469,1059265
21208665,7582047,4648298,10073225,7724848,6571453,1995044,2411364,2008275,44239973,6254206,253925,109466,32796,88551,239824,602806,0,0,0,6666,1364776
26575273,11717449,4260868,9394814,25448111,15489642,2722269,4429867,3103704,49467614,10875065,1787867,60,0,137127,63742,3744,0,0,801,0,627319
19607871,3405499,5000615,12986042,16595047,10766937,2691882,2204367,2147633,41836541,8160193,15258,409,4159,83357,0,852,0,2567,511,121488,1049253
23702202,8773100,7719074,9083090,11965200,15460071,1334109,4339454,3879369,30023296,6071647,165133,241,341,2036,750,828,0,5180,3760,5242,605528
16702850,3170646,5447104,11213171,5620974,19887810,1769758,2777666,4434479,22194893,6057604,11500,52613,28103,293390,995,0,0,10189,7303,33529,1133824
30213812,10242590,6457687,27244229,20701682,14621082,1350095,1779455,2970096,44559336,3679552,218559,47445,163464,25630,0,3056,0,0,1698,79,798970
15265715,5729974,3621957,9253384,22109400,8487397,2701013,2865843,1854874,34802250,5486544,221991,0,10339,108284,0,704891,1744,0,0,2274,1038611
13169421,2746727,2381008,6504435,7308202,9193725,1810150,2079555,1801559,22608776,3281862,228597,45055,210758,185221,0,80199,0,1026,30524,0,140610
15460778,12297117,7175116,17502192,19177787,5322814,1938210,3206744,2212573,17873558,7349555,110870,130905,2043,45604,0,21111,0,0,25538,1056,215159
23063304,8870937,2831232,13621101,14433835,12771971,2097623,1438363,4129566,20791275,5246466,2162066,2058,77278,160492,0,11542,0,0,0,0,744935
21733899,7264530,4514289,6634150,5814539,5566372,2578862,938306,2714626,16450273,6750364,150486,1712,426138,77884,0,7032,0,0,15103,1207,1205535
17976647,9099344,9414662,12979307,14651720,11000756,2327768,2568597,2938222,26822383,4791928,1921109,0,9166,427721,3059391,0,0,0,6143,1195044,737147
17991413,4115253,5544310,9990312,17440359,7699839,4306336,3390975,4766731,18839715,6995531,11478,2837,83963,34260,0,600624,0,0,0,352715,468571
11597389,11285054,9956365,10308992,9987273,13772871,2078704,3419293,4320760,21790721,9852698,143754,0,641,112425,6919,3904,0,16122,16465,4089,172340
27814609,11041863,5789858,9369854,13453072,9825486,1662350,2303884,4194322,24562903,7118993,316981,9595,156607,411816,73083,5986,0,0,6960,34040,825982
20233732,4359203,2863408,6822185,12225145,9115155,2198237,1322174,2215448,12935713,1973814,579005,25240,2076,203207,1820,226473,0,0,9240,33615,10382
14535648,9579395,4513343,7229340,5356567,10247193,2878570,2649502,2785100,21358721,2419833,1593788,2457,4800,84616,97419,22993,0,0,6615,8357,897957
16186770,11281225,6177840,7821407,6907129,5968662,2412536,4875293,4319687,14866149,2171607,56783,852,0,151612,14205,1750,0,14205,7776,11960,251927
15949892,4685436,4002882,6851732,11140292,7998353,2628769,3032393,2560956,15476326,6640566,178385,75053,3710,0,642785,0,0,2597,742,14387,335941
14162759,7278973,4948425,12110980,13018528,5480546,3786131,1617505,3736729,13065366,4290099,1233223,0,0,142179,4081,0,0,3647,371,8028,222007
16507880,6493755,4015641,8165863,15523518,3080467,1349167,3985695,6929726,25998550,8687303,170416,0,2825,236214,0,928,0,0,300,46060,186280
17980303,9037732,5339534,4818509,16105266,3622483,1352115,1236056,4072764,20668184,2321547,366029,3710,33290,49443,124804,1113,0,0,0,86276,345498
17934563,7697043,4648776,7173998,16060883,4802653,1137910,1644872,5042163,15994172,7693519,1361810,6489,27532,102842,9627,2783,0,557,445,59442,71249
20891241,13481239,5150737,6367550,12871644,5468049,2021196,3422602,4655873,16960653,9253987,91440,500,28782,1139115,407388,2092,0,6903,3139,2389,43069
15183945,7743541,5071085,5032238,8478567,3776332,2399379,552918,5018616,22290902,8159341,455538,0,4752,123914,81851,2903,14710,2515,896,41643,88180
24926354,6581298,3867594,5729280,8991628,7473312,1987504,3245501,1282353,23369317,13531476,317601,66545,52001,236558,0,261225,0,8906,0,36456,7740
20667842,9983503,2168306,7731212,6640914,6019088,3174837,1848127,4755460,23190403,7004727,278073,0,17486,266048,0,0,0,0,778,0,42320
22109360,9017959,5577345,12595854,7605437,2311306,3342514,2113888,4091587,18783826,6601681,1085693,0,4968,246553,18789,0,0,0,2569,0,8205
30116327,9016218,11371667,6445118,3578438,8586669,4400404,3069263,4914173,17625306,8634486,1897147,977,4072,509188,0,61900,0,0,3308,13923,39479
11395529,10776690,2643669,3116632,10963468,7853766,1291185,2332696,1303024,10464610,3404531,85588,0,0,227735,37360,0,0,10828,0,1792,260623
14858904,10067478,4585633,2963535,5091452,5222517,2030360,1898806,4800135,10948626,5453271,888561,61516,49702,1227374,405900,600434,0,0,0,0,12326
41652818,13559823,4653146,8717563,17280266,4663738,3562873,3932768,4148885,14984441,13271418,1207821,19888,162050,905751,98841,710341,0,0,5570,62964,48205
22479450,8772031,4011482,3655766,6258062,2763561,1652648,508483,2815000,10248349,3968624,157427,0,0,339070,0,815119,0,0,221733,4026,31798
14567641,14357065,4876569,7319180,8087673,7635269,1635001,3373023,4900128,14424145,8762979,512574,23242,28928,584603,505,417580,0,0,0,25764,46841
21824540,17645210,5548597,4588493,5040061,8792921,2652111,2448306,3937405,21695345,15368716,494207,181276,92650,358680,0,559905,43749,0,192854,48659,8091
16525608,3414164,3814615,7775755,2649358,6819059,4042274,2350978,4210079,16577329,8081809,837855,19309,13058,413227,0,567879,0,16244,40680,400056,71569
29503391,9722553,4115247,5973549,9088772,3529832,3730506,5035642,5900498,37104914,12845188,75624,73970,22532,200844,33351,389127,0,39588,37766,141443,59104
30639049,9697712,4821738,6926628,7834681,8978761,1665417,2046431,4266330,21848097,24072078,1355657,124548,26130,36116,10396,1797035,0,1745,6363235,275968,140065
21286700,15077449,6002763,8620082,7397983,9835253,4620987,3621148,7464470,28275578,14400767,525609,0,8136,916136,453752,259873,0,0,23730,11540,44197
31783125,7419352,8495925,12550192,5072787,13481564,2365392,2083037,3199199,21025514,5554246,450201,248220,7232,293610,108480,2400351,0,0,198230,181944,7368
16958696,13167725,6143588,10926895,4072996,19458111,4732975,2845652,4400097,16867757,5633460,735626,244853,39109,11231,7500,126329,0,0,5000,439130,11907
16787422,8327237,4052620,4337129,4017419,3159539,1399853,3180337,4397495,13291790,7574951,5049841,241775,248586,226221,7131706,0,0,0,17899,441928,145882
26866950,10302211,9257280,6975237,4154863,10142415,2789101,2768126,7308443,14806592,6409073,2178770,63519,0,199604,86285,3108740,0,0,104313,73089,31410
16424823,18093685,5550590,6419601,11941218,7156848,1454366,2909557,2944939,20531383,7977677,1204090,133206,149642,336346,0,2704,0,0,5949,333370,14418
9895307,4421640,3406653,5712954,6125752,11662092,1847061,2214988,5395905,11544790,6248839,276780,2107,84147,1296377,0,212874,0,72007,0,3772,111792
34368070,14968130,7800192,5819979,8992949,13421986,2564277,662483,4445739,24537949,12373525,1551723,2188,0,1341943,12899,58033,6426,0,0,576,63342
17632395,22440168,7758622,7289513,7738775,13847675,4678658,4641464,3295232,20563058,4857120,729247,0,95573,426845,0,336349,0,5326,0,130184,72927
29104944,20644247,8858845,11204685,43078921,19968758,2410796,2242731,4655700,30185076,17631614,0,0,900,1489991,0,51086,0,0,0,133162,172086
19987204,19677459,5468497,9177918,4757297,14514948,1456667,1489857,5894778,24077065,13130749,26828,17940,909,516881,746,15915,22524,0,25049,72689,82928
22225277,13152558,4143919,9653007,5056138,17041233,1915177,692234,4401420,23958512,10736183,920413,0,0,666963,20966,8002,0,10514,83573,0,62693
28562933,17292423,3952423,11044551,5710646,10412859,1922459,313094,4179914,33415675,19296280,4017,221060,3100,1545910,0,5065133,0,0,137969,12544,9813
25630455,21755451,5313928,8408257,12350801,11386504,3036817,2102905,6888543,28581695,14984916,114240,125675,0,1534956,76682,6273,0,0,14620,19601,127694
16002561,3502917,3684370,6991786,6923726,9466918,2179508,1097356,7854881,25582321,7828165,395731,0,0,1244760,0,617,0,0,0,0,18865
14408312,16410489,5195790,7273482,5756976,6418608,1161219,2549617,5061639,26174094,4051364,669233,0,69902,414457,9545,166889,0,0,0,0,38940
33582824,23045709,10342097,17061988,7475327,18574094,4505847,1288586,5609175,42302314,7788111,2727327,20837,412915,437802,105066,1548,0,338009,53838,101401,1624558
27257040,32769614,8968408,7531546,7606254,24318376,773380,4707050,4760873,22941411,7009643,1229462,171222,0,1072553,117156,10346261,0,0,52685,1049951,50958
17067188,11304418,5695078,10931559,5972580,10616068,1030980,1973285,5451264,17890879,7245241,2116199,2871767,86130,776574,9255,8433786,0,2590,1807297,1375758,112196
28464233,18171349,10774276,19412583,26674313,12016131,2649726,4026224,6417666,27274844,18381660,1410430,694863,163330,706380,9824,1668898,0,1859,1381289,109343,24340
36061404,6598715,3993867,14719360,11169185,13576398,1881295,1657343,2525935,29363735,7439314,261632,0,510511,343499,139104,54114,0,62100,0,178841,99443
16173645,10197841,8506237,14341818,4489422,12710592,3268679,2183101,6319839,25329055,15919916,1266965,1170429,16767,1019542,0,1586088,0,0,349811,563649,41967
20954899,9441820,8992537,6583603,6680199,15043277,4943485,2288920,7977027,27575955,7192707,2541642,3163808,4676,641265,0,5253000,0,0,1328021,6581353,88569
16625374,11410154,8836260,13589592,14610698,12369752,1557163,2363718,6890983,48202041,19196512,212805,0,435,342535,0,2202,0,311,13360,14895,607670
11027764,14993863,9079146,11728485,32678470,18903142,6189443,4600993,107750174,35395113,19771075,778217,247464,2820,1246048,0,485744,11542,0,0,33966,934564
21428971,4239424,7216011,12746988,12835292,18564736,4594904,1599847,3647539,21488453,4612274,1243883,331614,153731,896727,36311,70799,0,1991032,1872,345975,806991
14629405,9263341,6144056,9612368,15950930,18611721,2234715,739027,4952208,38589829,3021673,1433866,1102053,5768,700940,36864,3921375,0,2012,1781183,5222323,162971
11930038,9097405,5918499,11521303,10639187,9899821,4654975,12964,3280525,38587475,2761763,491441,2172,0,3262366,0,0,32176,625,1874,29296,155203
23503950,6238640,12433839,18049924,19253948,11712099,2364160,256314,5237757,26487092,6737512,1356001,0,41756,1710424,0,549120,940413,0,0,102138,26563
17619455,5662909,7996990,14474557,9004438,7097354,2415927,33588,3730142,19230390,3913338,2579616,3600,379678,1065045,12357,0,0,0,0,3603,285017
11356112,6270752,9339583,8583784,43273116,10229988,3626869,152963,8685907,22574709,3275766,2400666,4459580,19041,914400,0,7046702,0,0,1742435,855392,1631
12127526,11000655,9934867,13618696,13721587,20204726,4030956,105444,3980520,43839189,7891657,112692,0,188140,1135254,29932,731306,48094,0,0,108046,145639
37220403,23686871,8146031,20161841,22706491,12733409,2918225,76589,4279709,51528146,6306446,3322490,7782839,133131,966685,0,11534214,0,0,3954074,10259107,3426951
16394868,12662863,9604753,12060733,17255743,18469135,6369602,0,6199362,44653883,10842113,3195964,1690321,388208,1676555,1500,9158196,1013484,0,1579727,5390806,297030
29630837,9159730,6258259,23768067,7327342,27732436,6702335,643582,4521929,33439221,17417167,601622,0,333594,1144205,0,3112,0,0,8880,1652595,5105
30691540,10157174,5438646,14013766,16566685,19609122,2842750,447349,4183818,39423102,16697965,3407415,299998,312765,994158,0,6512849,0,0,242772,4186444,623953
17288819,15200363,8744674,16733476,19704988,13028748,3123766,77619,7274490,26046435,7206859,461846,833203,163105,1710799,0,972815,0,0,550642,1200723,189542
32704072,7456273,8429627,17786744,12414542,20328538,7349734,87598,7325809,29610057,12658669,167954,346668,0,510477,0,1210,0,1153,12913,1045820,211716
18795543,15047993,7040232,13461881,17827340,8998027,2336864,1476546,5106613,47238172,3074208,914553,1065111,1021762,1295639,0,3092749,0,0,1115774,1415211,812638
26346390,11104436,9292740,13357781,22111779,8052697,8111784,128957,8643998,21574565,2943305,3219346,2780425,1731,578828,0,7220077,0,0,2855904,3058191,1482956
24523189,17600657,6054019,10597627,16799353,11468467,5023334,72986,4769385,42033620,9927142,1001999,1410741,36122,555554,0,1402093,0,0,37266,175913,357809
17793666,17918827,4951940,16397791,10767333,12822783,1847715,0,4667200,24296487,1422930,1906261,2188143,25706,554176,0,192840,0,0,1361904,7297927,970532
10633458,4769947,5516853,13788953,6777594,9992312,1973036,848,5881834,51166914,2334933,2043283,7570070,31457,1579382,0,4257133,0,4018,1786980,1710683,206045
15625563,8236973,2290219,19092228,21088743,9720854,2569794,0,3058982,41324195,12289681,2597951,11917,1055725,567398,0,0,0,432,431310,398953,3787
21329138,5238782,8049706,29749307,19009263,13103191,2115046,234475,5077278,34157242,5881997,20135,62534,846833,1227152,865,15792,0,0,0,125409,31947
21279807,13457554,5766491,22544911,18695344,16149178,3040027,189624,8003927,41213830,5708582,3424355,4984611,3391596,796070,268102,3157362,0,29080,2105738,10977570,545342
28631078,16815348,4193007,26407901,21110858,10601377,5135091,541001,5818701,45462884,9285037,37174,18780,1379274,0,0,0,0,865,0,378755,56717
28599212,11887326,7083656,21664093,7797412,16181916,6390009,13887,4261836,37723630,5425465,5358077,4483470,122229,1330839,287099,1668266,0,77671,890546,5965123,1770618
25171841,15870692,6046298,12126352,26530183,12182059,296960970,227973,4780521,32529696,5956574,202029,393295,404461,937188,506051,130803,0,93028,254828,439344,704985
22971885,20663126,5277247,9240024,9766991,14905928,1390893,0,4090205,18834301,16134819,952230,460,0,1029696,235007,2337583,0,11492,458373,433183,51787
22752472,8743235,5589111,12118372,16312719,21312597,13628422,0,3425902,25715283,4770413,1628406,2156793,386745,712881,15967,610406,0,5166,1084520,332082,3137718
26999754,12514639,6284218,25423383,14061712,12778204,1670766,86856,5359867,34679105,2566405,746655,2878109,37663,536985,1390768,1698340,15316,0,1805559,2317440,455319
20503411,9867746,8516355,27058729,28428349,19787950,3187080,234437,5505595,34002260,5440164,527021,695449,48443,899371,487390,0,0,16920,199044,56265,186309
24740047,12184542,4589854,14506286,21718854,4388675,4161904,57631,6711883,37429777,3384197,5660,2625967,43018,538050,0,2469346,0,0,598753,1282196,315559
21100076,12410687,6157239,16018214,33714431,15112426,2100612,924615,1863739,34218856,3753559,382838,1141,2282,852742,0,0,0,0,0,29206,2552862
24931262,8069862,6286315,29564156,19404977,15827346,2523611,3884371,4789648,51591283,9050113,6569,2943841,108918,1099075,0,4003750,0,0,0,1678,515461
35631137,17097130,5698172,26691039,41433328,24612228,4762644,2917187,2763144,43941508,4700085,222236,30847,154963,423626,130923,1816,0,0,24061,5408,584835
55667255,14477724,10215557,46946920,27467368,16919588,4339005,3271979,3052618,55068758,9756495,1429359,1164362,234891,1998101,0,748369,0,0,1285437,5359774,868759
22563249,12591260,5731090,18385047,36803831,17012605,9181550,1222544,2027785,45914124,6346671,199422,528931,0,1424709,775089,756360,0,0,10649,1232507,640411
24531235,13275034,9196620,21228015,28548855,20091636,2882502,3208037,1106608,34624772,9570160,209620,34025,1273,726293,0,39656,0,0,15509,695732,521712
32890115,14028896,7786594,34965568,33640034,21410042,4973174,1937118,4182263,60905474,4545322,300330,487896,0,967181,0,1384059,0,10200,390405,4433391,493887
25139796,16029097,11652922,15145146,35803754,17972963,2234716,1616942,3421987,47261090,3762710,30405,143214,0,1550609,365085,1803536,0,0,0,0,109359
26695664,17353711,9584064,22081357,18070660,28947052,3765680,2720156,4061454,29556717,5482386,2380957,0,1080749,307301,0,1299046,47532,0,47876,1500,23484
31019819,18913415,13914124,50708690,40405850,26989664,4727016,3614883,4251123,67119625,9980115,187942,88276,93487,717611,0,2676,0,0,27313,10000,908667
34718307,16915336,10993760,26860720,36944237,21812922,5777410,103259029,4219111,42128240,10355925,352231,2612746,710861,2249882,646367,3247930,935,0,1661338,1501129,400457
84072836,56407225,12423409,64412058,74018090,35383752,5155069,6422460,4284608,131433178,77912685,52900706,1241227,21153863,807434,947063,5327703,0,0,33226,4372245,10926051
82410518,35906703,16510358,292044467,36454766,60147934,4654631,6892503,4522715,189973972,55383609,59727549,221681,9509589,911154,1654,2929120,198006,0,1616713,9826188,12515286
97804861,84448648,17481649,57446802,47587835,60235210,4310041,5993195,4017556,199813294,55915921,105155267,568818,13984981,645746,55000,387250,0,0,0,9222986,10178941
97434408,74446261,16972658,97315724,109474280,43978496,10474544,5086454,5425950,166284359,65514403,111220329,736165,21235381,836460,124298,2319219,141674,0,1092,7769501,17702793
112649925,44545828,26571831,96792982,93992313,92763196,9148750,5072618,7857229,139569979,78137339,107001382,892395,17339799,1414066,206196,2373989,0,9492,592877,2885188,16649730
113316041,62974114,20058017,66586367,77344852,40185561,3415339,4888943,5462515,246564438,83822591,84155485,762522,16903563,1669015,3705040,1423722,0,48277,462113,3882791,18985823
97191762,52908159,14916936,61392759,50371117,48000591,3314410,6660774,6418477,133176098,69771289,91747943,3813908,26667970,1340593,376477,3266135,0,0,1387863,1140449,17250569
96742856,55263710,19880594,71108787,89285844,58689187,7393897,6574628,4641398,175757220,58958643,74540437,1876333,15364670,786506,120549,2678244,0,0,541888,2188000,17499492
123704988,21969486,20262426,53549647,38831302,61161357,3428947,4286839,3655044,84584096,48959406,43982784,1448649,14863064,1322747,0,1731696,0,0,462989,512847,13774407
173342135,40092642,17673700,73802726,42602145,59786883,3563743,6095449,4143799,121525214,58970387,42578728,1026957,16307509,2479935,73841,3038176,0,0,1597534,704295,8240463
105133246,34913893,23888537,108955707,84530267,63542360,5236432,5654086,6831530,94212405,41085788,39153625,4504494,21236993,1173685,167114,8946183,13860,249238,784031,4062147,5204384
123351078,18889008,14914941,124535417,37448758,31068092,3492997,2291632,4114784,115672383,51185616,25514474,1439893,13541258,2221606,2282048,3926707,0,0,1122166,830951,9149802
96711507,39389524,15317953,103262152,110355391,35109013,5459126,4956597,4842211,96543177,61653509,35934671,755521,17834241,1225254,2475829,6255527,0,0,1145981,2937727,7892043
74742529,21916314,11418642,70084972,96967831,33780010,5830596,5236488,3182533,131178014,32352471,40952271,917363,18276388,1740610,105635,5631547,0,11126,825708,6164602,6342566
77898344,21476897,19094129,93297299,77856379,51044704,3122114,3900066,5025614,150198163,32898308,66688076,1071820,12824285,1511865,95052,6578424,0,0,1681513,3498975,9466869
68460819,37538958,21645298,66912508,62990259,55947567,3594391,6437725,6090113,113496161,50010888,29700964,2361245,12101095,842010,38917,5659542,0,0,4138604,2942514,68634804
104277295,30508116,42218939,79470380,39041295,41909818,12341753,2289431,6906184,84535374,45371983,36197175,3949396,15814410,1617365,1748069,5174107,15378,0,2283236,11785065,72226554
149044847,38473802,19428344,39053338,42130865,52550554,4337796,5619018,6581323,108589892,41134316,50889252,6760201,43217243,4447323,0,7607587,0,0,1027298,12451742,77571706
180892008,153398373,18988124,83251207,54772106,55301587,5770765,3495986,6618144,110209995,47268277,42531933,10682373,39503264,1730537,240876,11182109,13844,214196,3839437,7466331,59226106
116612888,66175172,20339206,133078153,125316429,67528116,5410710,3771999,4390061,157257797,42431151,41898112,8080974,24936839,802637,1427718,14501882,0,0,1925628,4365419,55269933
62658156,34980185,17154199,46726835,76536928,52080573,2452925,3634783,6444656,149973693,20327389,21335191,3747580,27167508,920858,958236,12531948,0,0,598731,4294913,26341484
88751582,44148972,17538441,101595018,63604349,52265790,3352512,2891672,7479633,158107446,35641558,34865659,6454000,34089774,422733,31583,20396283,0,0,2489149,2649148,24526472
81848020,38038310,15291406,73178583,42922718,33899329,5562549,5567714,4296196,62579701,32311261,18838546,3975654,33372912,828995,54216,19137987,0,0,1447115,2130503,30112706
165103078,55058069,29992308,64369913,120447096,63390386,4799570,7895025,10864172,237575065,38184792,14550935,8756545,39882523,1230689,125086,20483404,0,21935,456606,2624721,30155644
113349369,43399910,53731172,76877359,64013885,38580786,2746129,8609522,11463540,179992045,38078060,12908097,3673984,17776606,2366899,221810,12163023,0,0,898801,2904001,17310356
110965769,42831234,26853911,68235106,82962599,37097704,3933337,10895930,12138225,150076770,38320797,19139539,11766718,33349658,647614,86284,10557715,0,50798,925964,6445329,20211367
133634672,45350465,30962195,77779570,65387168,85029909,12623609,10133294,11798288,136372409,50713380,35662725,9010278,38051014,783102,298344,22485402,1885,18636,399823,5018183,42328830
131531886,39007330,24231070,66796912,65631848,49687709,3505323,6522121,6876672,104267844,48046712,28134558,4850097,22292464,448371,0,20829151,0,4270,364751,3267695,48372223
227960594,37459430,26725074,125745150,48144562,85463810,10537587,16058717,5381930,137065707,30197213,43814550,5564739,31542037,784418,16282,17769133,2806,0,2467767,2248632,56879332
119102791,52448303,19810906,90591028,64443062,51154159,2892208,7162322,8704785,106579683,52376411,34904940,6079118,27355653,1211973,46273,32828333,0,9622,5806,7265643,51029090
138562919,67541555,32284219,96640564,86242170,60188859,3489894,9561327,9439876,132866948,73509464,25143673,5635475,27834894,2382370,35918,13728827,167917,0,176770,4235814,40132078
115480609,85320235,25292510,89381108,59235077,54314787,5052791,11897404,12704677,121356285,47913097,19365264,11247972,23804189,810397,104603,15751436,1142,11416,571,4557199,35044202
109844989,43911094,27061227,68290378,62360336,50365450,2784520,6402025,8683901,108019506,37254731,20523453,7596321,29454161,217171,0,16682495,0,0,0,5520894,25053352
108590690,73810383,31361796,106363055,92344573,61880162,4834715,8213422,16125631,141411309,32841111,22074553,9566982,28968446,1694644,0,13852217,73408,0,417482,2639430,25833821
99316650,36616427,21714506,76016205,66538440,42227064,3790896,7334951,5096614,112024563,58083604,9278040,7193353,30884174,503346,75141,12727230,116665,0,1214287,1775486,21517154
124203117,54387863,21925313,96032642,42574309,46920651,3793645,6488806,9797397,137184379,59002648,11556555,13027396,38105863,4698064,120052,16245682,0,39269,0,8123054,24859700
90328940,32141477,15875496,82386348,64148800,32671161,2135123,5265184,6377828,101884631,39602572,7012818,7607884,31151929,800148,150024,13647706,0,13084,0,4375088,22799342
61080959,17779515,14577053,69221019,56661185,20321608,1730281,4091321,5266983,82535961,33483766,17288088,10891746,36235645,186594,14713,13275262,0,18000,0,4119626,18548207
134482766,37904105,22567528,80883089,81649904,43756726,4091761,7707394,8264410,154254988,64007967,23542822,12052248,36349952,554732,471921,20306330,0,0,7069,9432863,42978502
103587239,27123467,14590424,58715661,89404376,52862096,3007915,7656818,5886274,115329645,75724352,20049956,8039371,22552060,510375,136575,5372409,0,0,33434,8983034,48656659
113909809,59054645,30579238,109390141,143078050,74073073,5318709,15369436,12050602,168282289,111592520,38420788,10166785,34649954,978330,373935,9466817,0,0,5652,2760729,37405722
116783622,49073779,28022009,102064082,136473665,48786204,5356380,7613431,13648327,141491317,97968003,43049382,10383588,23219603,1362467,0,3871191,0,0,595,6250447,45541366
96943034,60919753,24399582,68058349,93822806,56105005,4742851,8524177,10569196,139868904,78681992,28109928,3387715,28524618,1324201,0,8365002,0,25000,1536842,1078657,42942862
94531694,74737363,39955259,81418947,112900799,52236927,4771419,15616664,12228322,113196436,71047239,27088230,6957224,12664817,747034,119512,13559616,0,35555,146573,4964928,31129256
112741688,101134036,47379054,127882900,97189906,39996460,13150242,11686191,10163273,125458550,58636076,24874440,12074672,34647517,233353,1195,29708913,0,0,2255679,4911429,19800976
158172882,100172512,30115201,66260574,79591555,60435337,5624386,17641123,11473050,107756728,56008313,25216571,14706908,38530270,1418339,518137,33120525,562668,3000,901070,7863896,21655582
100945025,58404845,30349796,63710157,39594552,46919463,8884937,10455439,7240832,78689287,44294097,12806310,9471489,35521577,295255,0,31683719,0,0,1295923,2748268,17860914
133607767,37946744,34660733,94148283,51350730,50273693,6570199,10838619,15278629,91799267,39283327,15215048,10629507,50141956,909669,52233,46630147,0,0,905772,3592064,15110040
140760984,58849095,38117191,102362408,101107464,43966094,7585986,11734721,17970729,104097599,63013767,22179173,19978312,34544955,1007037,32286,55156582,0,0,295703,1927197,21501758
111934226,54393377,34900688,41764865,66826000,38183485,5149495,9131707,7727107,159718035,40773465,18900624,13273226,28182935,78480,2000,37130679,2283157,0,1081313,7256616,19861797
155047778,76198441,37215996,97427978,107672420,63480874,7585486,13766667,15638436,164172935,89483968,22199918,9339342,48698921,719173,62744,51810013,29031,0,46879,3110228,32817402
141176115,62159805,37261382,65430009,105619445,51358451,6168027,10072223,10998978,163201829,82428614,23812794,5797783,18820293,1041857,0,17490386,0,0,1486962,21193879,33484695
141603422,124655067,47870781,104689371,105013794,73699914,9528331,10766377,15451067,206095524,120019161,42460275,16442366,54428948,300363,0,29716974,0,6048,1494480,13086416,56423612
138545979,116475500,38408867,82427681,104237291,43506691,4546461,11262840,17671672,185038707,116362385,44504570,11323029,32710831,26284,128956,26494604,0,0,2860707,18611314,58623789
135570461,136577179,38244435,113450089,55918549,54112188,9367921,10721636,20425339,164010637,93701109,24932061,10158334,21256017,539784,787023,31379439,0,93188,909334,6255300,58175541
149316666,116878551,40623917,100583856,74694619,48707331,2747617,9237619,14347187,112776603,84033905,23350023,7374828,33794753,1076765,48726,19219639,0,117347,2044869,11081937,40136254
168528660,137689670,34015276,86062013,144197866,58019395,6002746,11176377,10843347,133368756,77146644,17887822,16056411,36585929,1306529,30499,36736387,0,44867,812919,8939649,22959378
127032133,104225887,21893228,112057637,74267651,39439596,11937632,6826216,3071034,88431103,42305827,15922361,15942795,33145297,1443230,0,27356436,33741,0,207932,5754613,15571876
176428725,95280765,50571084,92396724,102410865,47604017,7509849,10377969,12207032,139660213,38775382,14494405,7894091,36742568,932437,0,39660609,0,0,819637,4939442,22715040
189977012,114542824,56580921,142195575,85202092,39757104,5744369,10955630,12297439,154551372,75380726,16343516,13711801,68186978,363820,24678,57515578,296492,0,284678,4032653,13207231
201736550,74108666,56998763,145901038,158750866,35731090,9783406,10473436,27432041,180119953,88818828,6934944,12464178,34110834,326732,0,63501928,0,0,769257,3500974,22762004
212909090,59653609,42634134,144859259,129090232,42283175,6309019,15871428,22254409,162009862,102749393,21198708,11198788,39339476,1106505,33696,28035605,0,0,1364237,10864175,10900897
231588652,102645402,44055983,113670437,150018995,56273017,11418926,21627422,16344797,315038237,173920153,18095637,10611077,46777775,917271,1728098,82361129,544940,207705,313598,21857855,30325221
215174985,141840880,51700350,119074239,132078083,47226791,6007049,12439898,44394155,204052661,126215168,33878417,18251024,36014873,378751,54793,35662875,0,0,1540402,15874929,93377064
244975145,107374350,76946267,119152541,95425331,43479227,8434016,13329681,28162099,190657132,176820938,24003056,12654042,44410491,256507,111712,34996610,17917,0,810878,13391227,46864327
196524936,108618852,47015635,95167972,179771966,60725905,9790727,12471863,34569012,252251006,143249625,24258978,3580449,38310405,545123,1402,55905493,0,0,1949911,14050616,53219924
200669279,88599643,45879145,115429315,124314723,38858573,19352971,15130030,39215726,185509321,83568330,20012073,10568335,36722066,923939,28049,39587641,0,0,3358687,17381253,33402535
209743187,95053276,33705076,106359645,145396231,41075154,5756167,8023118,16890131,283650027,61832051,19322227,5409744,30482504,489319,0,63233260,51539,0,796310,3223129,13532524
171609888,73678788,38247593,114106588,108513541,47669129,7124491,14172646,13601957,115748568,36895866,22323100,17578838,80446096,3759878,1226865,76664558,0,0,2348932,11425860,22645251
123453131,62368143,48619150,176651177,98731253,48749270,4762136,5628190,18259317,79130484,29153982,13050532,9997707,50345395,713667,0,98445445,0,0,385831,4691670,13403558
185158476,72681946,44676519,96796561,88087382,55386856,10930763,11561053,16397498,110717715,48535502,11820870,13125936,51256272,0,112290,117920036,0,9222,0,2470763,17598016
191893519,62793671,44597173,155643996,94675745,45840973,5555402,10298407,24242351,156421179,47933750,10133940,16919707,75251920,303347,61571,94805201,0,0,7744,7279301,16357215
180951555,87517148,43544603,129088177,124669178,51326738,7879915,10688901,15585025,115794878,57666965,6983084,5846079,27922442,416597,180448,175445747,0,0,106321,5619080,10801775
188036773,52672778,42332966,92808209,61564025,62799914,11409187,12262544,30401594,137316111,82924700,12101740,15900109,63621177,505667,0,214107138,62542,0,2068822,11987040,10087659
191459965,70263185,45078820,110314959,201547179,67611651,6692121,12574479,37191051,205036271,90412675,718715234,15155163,57886578,303217,0,354366078,0,0,811344,17188580,25915203
170413896,63764607,26187238,83383697,89416836,41518017,22114836,10252869,21238440,161447699,74079300,16591819,12693646,40388335,336624,0,399566908,0,0,2243899,13165085,35533805
178395285,63838291,29442250,116141030,112891417,61178987,8994810,9669326,34942598,181842485,64326454,28025639,9529394,75861636,1082046,266687,518113667,0,0,1344147,15081198,29129430
179253075,52524200,35297253,75011578,123911997,55387320,11449904,13286822,28786092,196354489,60402008,24944216,14221948,70325743,185420,20020,582637221,0,0,1722266,6026798,43668252
181026311,77406728,40172669,128113183,81759289,43708108,9055519,14598799,33546862,200582927,73853482,18654135,11137616,21896205,311009,21450,411593884,0,0,303164,8216607,17683992
288587446,112769292,55343184,127592199,198395750,54216935,10727833,22856147,34579676,183777019,102006339,20195938,21973052,74088169,923231,0,506040259,0,0,0,6850586,22907726
204117469,89473000,59852869,112781094,134226788,70459504,10901553,17904972,26975080,171405327,93322337,18196070,24239060,54731769,110398,22165,638962778,0,0,1334701,6035292,16408704
214889151,91998366,61310644,183279690,152468371,59463954,6920568,15634321,25064960,143503172,55974277,7311918,15680085,51849758,1250018,0,439991865,0,0,739975,2472412,17403765
204753457,132157335,72756736,136793386,156823890,33719111,8675597,14700135,41290497,236737751,90923787,5215116,26049279,55914679,150841,199845,523629934,38852,10725,0,6789421,8780429
242882968,99260379,68963823,141454749,145361056,70810283,7841890,17581105,35344466,255678268,55879441,6828075,22836358,68741528,1363302,2145,585817475,0,0,345879,7586420,11812862
212601059,91326577,64505171,147300431,129282242,58653312,7826954,14496890,41096658,196373944,92374552,4958033,9763908,36127548,22224,29180,350762986,13950,91550,920852,16216398,15716282
190615293,69983342,62069099,137131811,160853046,42459886,6606744,19299176,39349420,236807970,64369008,7819206,16588137,53688562,563016,8294,392862720,0,0,0,4864736,11525539
221174506,125922559,67605958,185454772,83803968,57934642,15873952,19179939,32777775,230090669,139592299,15839344,21645416,61509551,30102,0,382670807,0,0,917599,20449993,26579849
214799811,120329762,53327663,125912246,102893385,50285490,8114114,7119810,41620978,171261782,112349900,28146884,20231228,39927027,345363,802757,592353274,0,0,167873,4891074,25353689
258504980,128711352,45845047,162325049,102844053,42792982,30297358,15925641,34683095,190424575,106015962,28465909,11759327,52597041,496238,116400,760027798,0,0,790429,7006544,12844653
238515197,137143670,57347906,143044150,149769114,60287506,7817094,13747038,39868452,222620801,89105050,23042220,6844906,44354052,478608,41471,594410947,0,0,6786,13779863,24645633
248658229,146916148,70165005,144589268,119587266,60495770,18013539,10815673,30928804,179795273,88807507,13490114,10459621,42267075,94666,10643,536962178,0,0,1558751,4731317,14951743
245216255,123599474,70130306,172265525,148495693,57745363,16971849,14114599,44564251,197747836,97867288,15606382,15696932,49953462,368320,1369998,652472244,0,0,88624,1533069,22588166
175709582,75315604,56370049,126234314,102565256,54346987,15658923,18845726,19440160,158234226,63852522,13211506,17011230,42785764,0,32431,559591035,0,0,4568027,558157,14472822
222603880,86626431,82335143,119771049,103414506,71807320,7912983,10270558,38497318,155021659,48516989,11171621,13683480,57017633,26587,83362,537573621,297528,0,197388,2204353,21779589
217792661,95724784,74275133,107197017,107104821,60444682,10064385,15942186,54491521,146036163,75707496,5935777,12991118,61075408,248664,368826,369318042,0,3096,1175690,7662216,21770703
230519106,92535531,64505077,111969502,161924151,70399165,10236647,17934843,34779397,150684551,62821578,11762793,19306545,67452755,780170,44893,262597920,0,0,0,4551802,11958985
215671841,65338688,65186516,152174038,136200989,58999377,10001126,14349907,32641980,171555582,90292722,7301699,5511783,39971153,419064,642428,306759002,0,0,1935361,3158134,18115745
209943102,123417236,61744751,109635205,125710328,46656756,9676746,11678096,31372298,207294446,89401138,12007164,19128886,50944720,575786,0,303087283,121034,1548,10836,7180399,20582260
293631024,148948806,79483767,121781609,167064763,80902214,10755695,12147909,36966691,274740731,156917239,15508957,17425153,66801044,263487,198546,435357272,0,0,411519,17416292,34868408
191652293,99762217,41515347,204695604,214412745,64900520,13966980,6131250,21725486,255524092,126789380,21682506,10196532,57354767,49753,0,393783157,0,0,0,20843221,25380690
218169776,54667414,49315782,201327045,180953049,101317195,13652755,5363249,23179406,265293541,178456302,22953410,15742281,62821629,915654,46754,386715178,0,0,4783591,6400117,37267376
220129650,59036341,34156701,136906606,85199517,51490591,14060156,6063612,15659560,255571462,187958483,18982502,9432349,64489711,652323,132729,407587131,0,0,2398536,6549737,17630584
215840598,100456738,40382987,143276977,201817134,53534165,18028671,16285613,10926812,317517014,205270808,13031033,10295850,54332489,5121967,0,443442350,0,0,1384412,5804445,7881141
263184002,139890150,51885124,220056142,128319067,78042227,13896473,11875883,20185524,218940654,99972241,14250694,12541017,51406702,109875,4835,500765557,0,0,102676,1664381,22410222
162072276,108044955,35093078,173594954,62229707,66622505,18304497,8804066,13005757,159084308,99622851,14088485,20186736,72158636,168890,4395,670363760,0,0,0,4412955,8460745
259066042,120056904,58168059,248577740,111492445,35777322,29636659,14135332,27491467,248661190,85953077,8444217,15350078,86475722,1084141,0,591808612,0,0,1070462,1641858,11203108
387691164,227742857,88035531,274435500,303780114,108787653,24667389,21234844,45298403,387056490,93765189,35024507,36950805,151538335,1557606,990266,775472207,0,0,4393572,3418596,60823398
474452271,254017229,142787362,305420622,402816274,78365346,36765964,31243950,50764866,404891729,271206428,32170173,58075411,162776589,649838,643588,746822347,0,0,0,7085230,133468698
446088719,492977430,106719862,296670952,278352271,56777210,33929497,32686294,47612095,516192063,156015383,17187066,20493470,126500286,762333,256912,865769238,0,0,3888591,21134670,32202426
549597135,257357298,125684112,341224959,238387321,66505062,25821133,23414906,51514731,378440968,128130982,25312626,17079555,132955186,281556,8829,628282010,1588,1740884,833811,6475063,16733727
377395013,319035742,101106388,360089698,288249598,97908061,25900893,34443568,66493596,599261983,167771887,89946188,28868336,145797485,3044629,231247,809552866,0,0,5155220,33951602,81588903
456553349,178577037,97411190,249895598,173587253,99710414,31621045,29143294,54503448,396740786,123317464,55060255,21924180,148534602,2141695,21783,848405630,0,0,421248,17070620,82852039
427234562,267748595,101698738,1168941715,280279012,81208911,36976743,42549762,81186877,501626745,299924922,57420572,18071298,158227948,3019714,358349,911773483,827879,0,3056601,9878347,50287993
314650794,196861813,48979698,631573180,110964355,62583520,24027321,26981768,69647789,605519589,186750560,60441260,35404963,117552060,2145377,9941,936130639,0,0,2258322,2399924,99416238
415310438,277496042,110693121,462463330,244826833,89637462,32340180,33134824,67048823,583947329,278709962,45575994,66161742,133602217,793091,321110,859858300,0,0,3825484,10910114,47357104
339312888,254619650,86264407,612995725,205831603,85620760,27660228,26569359,89734848,416701324,176113972,57815956,36648815,160949037,6130685,534641,970636355,0,0,3609487,2739475,76957290
303538815,144392928,101069546,348283878,221458678,80097561,34817178,24392182,43492554,442817999,102865405,18964545,45113123,161778106,846985,31005,1154329982,0,0,775183,5133624,60245866
431146841,190949344,123774132,435531980,179671931,77375013,34978855,21746988,79233439,1107211940,156554429,34140140,68836010,200589052,4993799,1354702,963830619,122248,0,665078,8104219,89879307
275650453,211826724,108237362,297427242,100622116,72516722,18363245,28962752,84251972,373294634,125527757,27161444,43981165,189653087,1646261,1199228,773661394,0,795566,2776292,5326791,200437685
353811051,248745835,117948148,335959663,246521950,119396790,29817358,25250530,111472698,364580939,124343385,49334685,69931480,180026775,4476277,3555,546176880,0,0,1000063,2275967,105849897
339365235,220309524,149278977,311933229,255205198,141128029,32660089,29391886,85247096,437920596,206745074,8630165,14432571,122634403,1279575,141922,783616293,0,1480683,2521969,11529621,53216140
358126473,212494052,106437319,245816640,213850058,158944898,44792603,44104634,78805388,328644536,286503991,38141721,31674321,187280017,1615895,1560852,745702760,0,1580280,3073409,21943297,87114507
371994531,233258390,93858128,297147443,115058848,105085695,37769896,21266060,109267900,346526483,185224254,48915573,41126147,232738787,1052423,499554,959286297,0,0,1163425,22502723,56446507
380544713,268891821,113022032,320767203,170520202,186682849,43554304,21146475,91759064,400599804,267712607,51121217,29748347,183905032,983551,194714,818998454,0,1450272,4306167,19405499,68166925
528978203,244147445,126526632,399583883,337507525,311504584,37838516,26909754,127237305,430331819,238773911,64080234,39249347,186370063,1331649,417642,880905794,0,0,4405869,9629123,85097220
425901959,236534916,103172996,344043777,248420198,217673321,41426780,28082897,104170406,456729170,265116455,31825481,15281812,149608660,1347289,597440,724318854,0,41773,2967954,7360455,51155739
575096532,321151617,147399234,416415739,373703836,290390939,68108261,27691296,140962892,594949606,237107111,86526821,38749930,185325787,2068847,460678,766417901,0,1577744,4709765,7113150,38532455
430922597,308229327,122342976,423775411,237827840,354817926,29003277,22834333,109024708,353814079,230646443,39376935,32262617,147485110,1445973,1208750,787496457,0,0,3746553,5803814,11965879
445286181,218282620,110912853,374290462,166154262,263457853,32047344,23206563,82610104,426057425,182534114,30932194,46248237,173021176,4731038,269801,917772291,0,1151309,1152671,9514732,34378690
414628505,248270684,182950497,377954305,283961388,236702261,25085894,21878272,109800822,398849616,197380298,56932681,58126345,174059521,4772275,57946,1064238145,0,2336490,3562158,7896970,10035730
454115425,256540147,109635040,418173856,140324684,138570457,43948041,26116734,71870153,425575989,176882440,34308699,46841657,208218806,655566,957215,782446913,0,1143201,2132767,3977610,13574039
431466038,175464783,226063621,543194785,410304763,112650389,36242311,16325500,94300187,488224176,242675956,46215261,42655825,217285523,1782725,1228243,659032117,0,0,422472,17159122,64995352
420062186,184431587,129277744,412394470,217558775,171827573,30763523,21473823,87929523,502893941,303205771,24168749,40112277,179864939,2078539,451020,980849809,0,0,1727051,11965378,10895093
371342653,194853932,138925722,535838289,356752076,175678958,53336966,22794148,78082650,564352702,297000532,29585606,68511150,179617139,1304439,706096,1033881070,0,1088850,4050370,9302501,77602149
539393565,229016249,127597893,368936112,302813531,197878444,33243276,23753552,111795735,513982958,363440664,56859851,43513812,198890591,3737251,135192,1164140804,0,0,4803596,6558155,42617565
435990313,201640337,108146556,584971680,214806358,198408834,67835610,25193207,82221199,468651820,252641334,60155921,38685647,178323969,852653,719527,1164313341,0,1056869,4877645,14584981,63760108
448552641,191607222,101448406,554802223,272364065,272295996,38344222,23171025,119975233,623543196,228088720,83052715,37805011,168138331,1876871,0,1198656504,638913,1052562,2707897,16085511,90947636
408752275,220467086,122973198,348493186,308048445,130925212,35885775,23446312,98570369,401755706,245153889,37834018,24706113,118957101,2900024,236934,1060926052,0,0,4744348,4950585,81477014
474159015,191703145,124692676,455106566,394476390,232851574,33896488,23585366,110918663,532290049,198397957,49347796,32454938,194006143,1160117,4043299,1210895974,0,0,1201818,1401217,65876301
436405980,165984139,118857511,276349341,147795627,287212434,35976544,22384864,70291995,313604782,196098001,24529404,40254382,151530440,2253330,739681,1304732729,0,0,569097,1526667,20755897
453457777,183964376,127725317,476629592,241570025,172339389,36879075,15490518,83801910,376073775,135632606,40708892,51767946,190077054,1510919,249592,1578364823,0,0,2843273,4463488,17705898
396226755,209265685,132923820,430728801,196859314,182279242,47374318,23144664,86816956,341601676,167470971,24787789,45644487,183832530,3227437,1029247,1460462081,0,0,2049202,2171420,55985884
371499673,162091133,125776395,327212229,271349878,72900293,22553448,15148300,69435589,334563582,150617555,23370024,46625453,176142233,2307286,2000,1114598850,0,1107974,1087128,6589539,27355204
